Temperature,Humidity,Moisture,Soil Type,Crop Type,Nitrogen,Potassium,Phosphorous,Fertilizer Name
26,52,38,Sandy,Maize,37,0,0,Urea
29,52,45,Loamy,Sugarcane,12,0,36,DAP
34,65,62,Black,Cotton,7,9,30,14-35-14
32,62,34,Red,Tobacco,22,0,20,28-28
28,54,46,Clayey,Paddy,35,0,0,Urea
26,52,35,Sandy,Barley,12,10,13,17-17-17
25,50,64,Red,Cotton,9,0,10,20-20
33,64,50,Loamy,Wheat,41,0,0,Urea
30,60,42,Sandy,Millets,21,0,18,28-28
29,58,33,Black,Oil seeds,9,7,30,14-35-14
27,54,28,Clayey,Pulses,13,0,40,DAP
31,62,48,Sandy,Maize,14,15,12,17-17-17
25,50,65,Loamy,Cotton,36,0,0,Urea
32,62,41,Clayey,Paddy,24,0,22,28-28
26,52,31,Red,Ground Nuts,14,0,41,DAP
31,62,49,Black,Sugarcane,10,13,14,17-17-17
33,64,34,Clayey,Pulses,38,0,0,Urea
25,50,39,Sandy,Barley,21,0,19,28-28
28,54,65,Black,Cotton,39,0,0,Urea
29,58,52,Loamy,Wheat,13,0,36,DAP
30,60,44,Sandy,Millets,10,0,9,20-20
34,65,53,Loamy,Sugarcane,12,14,12,17-17-17
35,68,33,Red,Tobacco,11,0,37,DAP
28,54,37,Black,Millets,36,0,0,Urea
33,64,39,Clayey,Paddy,13,0,10,20-20
26,52,44,Sandy,Maize,23,0,20,28-28
30,60,63,Red,Cotton,9,9,29,14-35-14
32,62,30,Loamy,Sugarcane,38,0,0,Urea
37,70,32,Black,Oil seeds,12,0,39,DAP
26,52,36,Clayey,Pulses,14,0,13,20-20
29,58,40,Red,Ground Nuts,24,0,23,28-28
30,60,27,Loamy,Sugarcane,12,0,40,DAP
34,65,38,Clayey,Paddy,39,0,0,Urea
36,68,38,Sandy,Barley,7,9,30,14-35-14
26,52,48,Loamy,Wheat,23,0,19,28-28
28,54,35,Black,Millets,41,0,0,Urea
30,60,61,Loamy,Cotton,8,10,31,14-35-14
37,70,37,Clayey,Paddy,12,0,41,DAP
25,50,26,Red,Ground Nuts,15,14,11,17-17-17
29,58,34,Sandy,Millets,15,0,37,DAP
27,54,30,Clayey,Pulses,13,0,13,20-20
30,60,58,Loamy,Sugarcane,10,7,32,14-35-14
32,62,34,Red,Tobacco,22,0,24,28-28
34,65,60,Black,Sugarcane,35,0,0,Urea
35,67,42,Sandy,Barley,10,0,35,DAP
38,70,48,Loamy,Wheat,8,8,28,14-35-14
26,52,32,Black,Oil seeds,12,0,8,20-20
29,58,43,Clayey,Paddy,24,0,18,28-28
30,60,29,Red,Ground Nuts,41,0,0,Urea
33,64,51,Sandy,Maize,5,9,29,14-35-14
34,65,31,Red,Tobacco,23,0,21,28-28
36,68,33,Black,Oil seeds,13,0,14,20-20
28,54,38,Clayey,Pulses,40,0,0,Urea
30,60,47,Sandy,Barley,12,0,42,DAP
31,62,63,Red,Cotton,11,12,15,17-17-17
27,53,43,Black,Millets,23,0,24,28-28
34,65,54,Loamy,Wheat,38,0,0,Urea
29,58,37,Sandy,Millets,8,0,15,20-20
25,50,56,Loamy,Sugarcane,11,13,15,17-17-17
32,62,34,Red,Ground Nuts,15,0,37,DAP
28,54,41,Clayey,Paddy,36,0,0,Urea
30,60,49,Loamy,Wheat,13,0,9,20-20
34,65,64,Black,Cotton,24,0,20,28-28
28,54,47,Sandy,Barley,5,18,15,10-26-26
27,53,35,Black,Oil seeds,37,0,0,Urea
36,68,62,Red,Cotton,15,0,40,DAP
34,65,57,Black,Sugarcane,9,0,13,20-20
29,58,55,Loamy,Sugarcane,8,8,33,14-35-14
25,50,40,Clayey,Pulses,6,19,16,10-26-26
30,60,38,Sandy,Millets,10,0,14,20-20
26,52,39,Clayey,Pulses,21,0,23,28-28
31,62,32,Red,Tobacco,39,0,0,Urea
34,65,48,Loamy,Wheat,23,0,19,28-28
27,53,34,Black,Oil seeds,42,0,0,Urea
33,64,31,Red,Ground Nuts,13,0,39,DAP
29,58,42,Clayey,Paddy,9,10,22,14-35-14
30,60,47,Sandy,Maize,22,0,21,28-28
27,53,59,Loamy,Sugarcane,10,0,15,20-20
26,52,36,Clayey,Pulses,7,16,20,10-26-26
34,65,63,Red,Cotton,14,0,38,DAP
28,54,43,Clayey,Paddy,10,8,29,14-35-14
30,60,40,Sandy,Millets,41,0,0,Urea
29,58,65,Black,Cotton,14,0,35,DAP
26,52,59,Loamy,Sugarcane,11,0,9,20-20
31,62,44,Sandy,Barley,21,0,28,28-28
35,67,28,Clayey,Pulses,8,7,31,14-35-14
29,58,30,Red,Tobacco,13,17,16,10-26-26
27,53,30,Black,Millets,35,0,0,Urea
36,68,50,Loamy,Wheat,12,18,19,10-26-26
29,58,61,Loamy,Cotton,11,0,38,DAP
30,60,26,Black,Oil seeds,8,9,30,14-35-14
34,65,45,Clayey,Paddy,6,19,21,10-26-26
36,68,41,Red,Ground Nuts,41,0,0,Urea
28,54,25,Sandy,Maize,9,10,30,14-35-14
25,50,32,Clayey,Pulses,24,0,19,28-28
30,60,27,Red,Tobacco,4,17,17,10-26-26
38,72,51,Loamy,Wheat,39,0,0,Urea
36,60,43,Sandy,Millets,15,0,41,DAP
29,58,57,Black,Sugarcane,12,0,10,20-20
24,68,37,Clayey,Ground Nuts,38,14,30,28-28
35,55,24,Sandy,Cotton,35,48,15,Urea
38,60,28,Loamy,Ground Nuts,7,13,3,28-28
34,66,66,Loamy,Paddy,23,29,4,17-17-17
38,78,59,Sandy,Paddy,10,3,5,17-17-17
24,53,51,Clayey,Tobacco,46,7,24,28-28
27,55,20,Sandy,Maize,19,11,38,Urea
31,53,62,Sandy,Paddy,40,32,24,Urea
31,77,58,Clayey,Oil seeds,44,34,32,DAP
28,70,23,Clayey,Pulses,9,43,26,28-28
39,78,40,Red,Millets,34,2,45,17-17-17
39,56,24,Clayey,Pulses,27,44,13,28-28
32,74,55,Sandy,Ground Nuts,47,41,1,20-20
38,50,44,Clayey,Millets,2,6,38,28-28
31,60,31,Loamy,Ground Nuts,10,48,23,DAP
26,60,44,Sandy,Tobacco,10,26,21,Urea
34,79,47,Sandy,Paddy,39,8,27,DAP
24,70,25,Loamy,Tobacco,9,24,31,DAP
29,52,46,Loamy,Wheat,7,42,10,Urea
27,53,51,Black,Pulses,31,49,4,20-20
28,56,59,Red,Millets,30,27,32,14-35-14
24,70,37,Loamy,Wheat,40,18,40,28-28
38,62,60,Clayey,Wheat,3,18,6,20-20
27,54,39,Black,Pulses,32,10,40,DAP
20,51,62,Sandy,Maize,34,20,2,Urea
33,78,69,Black,Tobacco,22,20,44,20-20
25,67,63,Red,Tobacco,29,49,47,Urea
21,79,40,Loamy,Ground Nuts,20,42,29,17-17-17
23,69,39,Clayey,Paddy,24,32,24,20-20
37,58,33,Black,Paddy,5,1,47,20-20
34,79,59,Sandy,Pulses,30,16,41,DAP
23,64,28,Clayey,Maize,37,22,6,28-28
36,59,64,Black,Cotton,19,38,18,20-20
28,50,58,Black,Wheat,7,31,28,20-20
28,73,67,Red,Ground Nuts,16,43,5,Urea
25,60,61,Loamy,Ground Nuts,41,26,23,Urea
22,70,35,Black,Wheat,29,26,30,Urea
35,60,22,Clayey,Sugarcane,27,34,21,Urea
22,79,32,Black,Cotton,49,31,31,DAP
21,73,53,Black,Sugarcane,44,36,9,20-20
29,59,49,Black,Pulses,30,30,0,DAP
34,62,27,Sandy,Millets,22,8,43,Urea
20,59,60,Loamy,Pulses,32,34,32,28-28
31,54,23,Clayey,Wheat,28,43,25,28-28
29,68,31,Black,Cotton,34,26,48,20-20
39,70,27,Sandy,Cotton,4,35,23,28-28
30,53,55,Red,Ground Nuts,31,15,24,14-35-14
21,78,44,Red,Paddy,41,5,7,17-17-17
26,76,64,Clayey,Cotton,12,43,21,DAP
28,57,66,Sandy,Oil seeds,15,43,39,28-28
33,71,28,Black,Pulses,41,48,27,14-35-14
25,72,59,Black,Wheat,19,4,6,Urea
27,52,47,Clayey,Pulses,20,29,13,17-17-17
34,60,47,Loamy,Paddy,45,11,6,28-28
39,67,47,Loamy,Oil seeds,40,48,17,20-20
25,65,34,Sandy,Paddy,7,43,0,Urea
25,74,30,Sandy,Wheat,25,19,31,DAP
32,50,54,Clayey,Oil seeds,48,0,14,28-28
29,70,59,Red,Oil seeds,26,7,21,28-28
39,69,26,Loamy,Tobacco,28,22,28,20-20
34,57,46,Clayey,Pulses,44,39,11,Urea
26,72,51,Red,Ground Nuts,23,15,5,17-17-17
21,76,46,Sandy,Pulses,18,38,42,Urea
28,79,35,Clayey,Cotton,12,31,31,14-35-14
26,71,29,Sandy,Oil seeds,40,33,27,DAP
20,63,34,Red,Cotton,8,27,31,28-28
35,60,61,Sandy,Oil seeds,37,36,1,28-28
26,55,20,Sandy,Cotton,10,38,31,DAP
34,57,67,Loamy,Paddy,21,18,43,Urea
36,61,68,Red,Paddy,36,3,16,DAP
24,59,62,Red,Oil seeds,10,16,49,20-20
24,67,32,Loamy,Paddy,16,6,21,14-35-14
38,58,35,Loamy,Ground Nuts,15,32,0,17-17-17
34,51,45,Red,Paddy,22,49,7,Urea
36,55,47,Sandy,Wheat,33,48,49,20-20
20,66,26,Black,Tobacco,4,19,2,20-20
21,56,37,Black,Cotton,34,7,34,Urea
31,64,37,Black,Millets,27,46,4,17-17-17
37,64,46,Black,Wheat,27,16,16,Urea
39,50,36,Black,Ground Nuts,39,15,14,17-17-17
37,55,69,Black,Tobacco,15,14,14,Urea
36,66,38,Clayey,Millets,20,36,41,17-17-17
24,74,57,Loamy,Ground Nuts,40,41,42,28-28
34,59,29,Loamy,Sugarcane,10,1,41,17-17-17
31,68,48,Red,Ground Nuts,11,7,19,Urea
27,74,29,Sandy,Sugarcane,15,11,45,Urea
22,55,40,Red,Millets,49,4,12,14-35-14
38,66,50,Sandy,Oil seeds,32,40,30,17-17-17
30,74,68,Loamy,Pulses,42,18,47,28-28
39,62,63,Black,Paddy,1,37,33,17-17-17
20,75,68,Sandy,Millets,20,45,39,DAP
36,75,60,Red,Maize,14,47,35,17-17-17
27,70,39,Red,Tobacco,16,27,36,DAP
22,57,37,Loamy,Cotton,36,27,44,17-17-17
23,73,29,Sandy,Oil seeds,1,6,21,DAP
25,73,56,Clayey,Sugarcane,2,1,21,DAP
21,72,23,Red,Oil seeds,17,16,20,20-20
21,67,55,Black,Millets,29,2,9,17-17-17
27,73,56,Black,Wheat,39,46,16,20-20
36,70,67,Sandy,Maize,35,20,8,28-28
35,58,60,Sandy,Millets,12,36,36,20-20
26,60,37,Clayey,Maize,14,43,34,28-28
22,67,41,Loamy,Wheat,37,28,9,Urea
23,64,65,Loamy,Ground Nuts,22,20,19,17-17-17
37,56,34,Sandy,Pulses,28,7,3,28-28
23,72,56,Sandy,Sugarcane,35,48,16,14-35-14
22,65,62,Loamy,Cotton,33,34,18,Urea
35,66,56,Loamy,Wheat,38,15,1,Urea
39,60,37,Red,Paddy,35,11,32,20-20
29,51,66,Loamy,Maize,43,48,37,DAP
22,64,69,Black,Paddy,34,31,10,14-35-14
34,70,22,Clayey,Cotton,46,35,15,28-28
30,52,65,Black,Oil seeds,46,2,22,DAP
32,75,59,Red,Millets,44,39,40,14-35-14
39,58,41,Black,Pulses,1,15,13,17-17-17
34,60,46,Red,Sugarcane,38,38,1,20-20
30,78,68,Red,Ground Nuts,20,24,43,17-17-17
30,67,36,Clayey,Pulses,1,39,6,Urea
36,76,45,Sandy,Sugarcane,20,20,23,28-28
35,55,50,Loamy,Tobacco,34,47,7,14-35-14
32,59,58,Red,Cotton,14,8,33,DAP
30,63,63,Black,Wheat,44,1,15,Urea
24,55,64,Black,Ground Nuts,9,20,28,Urea
32,72,28,Clayey,Pulses,18,14,21,14-35-14
31,60,63,Clayey,Pulses,29,7,15,17-17-17
24,70,60,Red,Tobacco,16,7,28,DAP
39,74,53,Black,Millets,29,39,47,28-28
33,66,46,Black,Pulses,20,18,1,20-20
26,66,27,Clayey,Pulses,0,49,34,20-20
33,72,36,Red,Oil seeds,14,40,18,20-20
33,68,59,Red,Ground Nuts,4,31,20,28-28
26,71,31,Sandy,Maize,24,42,38,20-20
38,62,64,Sandy,Pulses,25,44,29,20-20
36,79,43,Red,Cotton,44,5,37,DAP
27,71,63,Red,Tobacco,14,24,20,28-28
21,79,64,Loamy,Oil seeds,33,0,15,17-17-17
33,68,68,Loamy,Wheat,49,22,20,14-35-14
21,55,48,Black,Millets,5,25,35,DAP
25,62,65,Loamy,Sugarcane,37,34,34,17-17-17
35,73,56,Loamy,Cotton,14,24,27,Urea
30,73,32,Black,Paddy,30,40,28,14-35-14
22,79,24,Sandy,Sugarcane,19,37,11,Urea
26,79,37,Clayey,Maize,11,13,29,Urea
21,64,58,Sandy,Pulses,22,32,45,14-35-14
21,50,32,Red,Wheat,34,15,28,Urea
36,52,35,Red,Pulses,29,30,15,28-28
23,75,58,Loamy,Ground Nuts,43,8,30,14-35-14
31,79,48,Black,Millets,36,7,9,DAP
33,52,33,Loamy,Paddy,33,32,26,Urea
25,62,59,Black,Millets,26,13,20,14-35-14
24,53,41,Sandy,Maize,0,35,21,17-17-17
26,64,39,Clayey,Ground Nuts,14,23,34,17-17-17
20,56,48,Sandy,Pulses,13,28,9,20-20
25,59,55,Loamy,Tobacco,35,10,6,20-20
32,56,51,Loamy,Tobacco,46,17,10,DAP
24,61,31,Sandy,Sugarcane,46,9,34,Urea
36,76,41,Loamy,Tobacco,5,28,28,17-17-17
33,54,36,Red,Pulses,25,36,27,14-35-14
24,74,66,Clayey,Sugarcane,36,25,0,DAP
20,67,65,Red,Tobacco,44,23,33,28-28
33,67,47,Red,Tobacco,12,0,4,17-17-17
28,69,33,Sandy,Sugarcane,28,10,24,Urea
21,53,63,Red,Tobacco,35,38,25,20-20
20,61,52,Red,Pulses,48,25,48,28-28
26,62,44,Clayey,Pulses,15,3,49,20-20
36,58,64,Clayey,Paddy,32,18,3,17-17-17
35,58,32,Loamy,Cotton,11,8,35,DAP
30,72,60,Red,Millets,44,1,40,Urea
24,55,41,Black,Ground Nuts,3,46,5,28-28
26,52,22,Black,Paddy,10,21,3,DAP
32,54,65,Sandy,Ground Nuts,23,28,24,Urea
22,69,21,Clayey,Paddy,4,18,42,20-20
27,74,65,Black,Cotton,12,21,35,28-28
20,54,47,Clayey,Wheat,43,40,49,DAP
22,66,51,Sandy,Wheat,49,3,27,17-17-17
35,70,25,Red,Sugarcane,26,13,32,Urea
27,64,51,Loamy,Pulses,8,33,27,DAP
23,78,40,Clayey,Millets,17,43,39,Urea
39,72,26,Loamy,Pulses,32,10,27,20-20
34,66,65,Red,Paddy,21,10,34,14-35-14
36,61,65,Loamy,Maize,0,19,22,28-28
34,56,39,Loamy,Tobacco,47,33,49,Urea
24,74,35,Sandy,Millets,40,45,20,28-28
28,62,56,Clayey,Cotton,5,6,37,Urea
22,70,50,Sandy,Maize,5,30,1,17-17-17
29,54,62,Red,Wheat,32,11,32,28-28
38,59,49,Red,Maize,29,4,30,17-17-17
27,79,30,Loamy,Wheat,37,25,0,DAP
24,59,20,Sandy,Ground Nuts,7,31,28,17-17-17
33,51,66,Sandy,Maize,18,1,19,28-28
25,55,46,Black,Ground Nuts,37,43,22,28-28
39,53,49,Red,Tobacco,28,22,19,20-20
37,65,57,Black,Sugarcane,47,29,33,Urea
23,55,41,Clayey,Pulses,0,19,46,14-35-14
20,52,20,Clayey,Sugarcane,15,46,21,28-28
30,72,42,Loamy,Millets,6,9,20,DAP
34,62,69,Black,Tobacco,14,37,25,DAP
30,72,59,Black,Sugarcane,38,7,12,DAP
20,60,24,Clayey,Ground Nuts,46,47,45,DAP
25,51,52,Red,Wheat,10,46,7,20-20
36,61,49,Clayey,Sugarcane,26,1,48,DAP
20,69,48,Black,Oil seeds,0,45,8,17-17-17
35,75,30,Red,Oil seeds,2,21,9,17-17-17
26,54,39,Red,Maize,0,15,25,DAP
39,69,53,Loamy,Pulses,47,25,48,20-20
31,62,23,Sandy,Paddy,3,11,18,20-20
35,65,36,Black,Cotton,47,18,31,20-20
27,64,30,Red,Tobacco,43,21,25,28-28
23,62,27,Clayey,Millets,42,22,16,20-20
33,51,41,Red,Cotton,48,8,16,20-20
28,67,21,Clayey,Ground Nuts,41,18,0,20-20
38,79,57,Black,Tobacco,4,0,0,20-20
34,67,60,Sandy,Oil seeds,48,2,27,14-35-14
26,51,52,Black,Wheat,2,14,2,17-17-17
32,65,54,Clayey,Cotton,3,0,19,14-35-14
20,69,60,Red,Cotton,14,30,3,DAP
28,59,30,Loamy,Wheat,43,26,17,20-20
27,51,64,Red,Cotton,39,21,12,DAP
24,71,46,Clayey,Tobacco,39,7,14,DAP
35,68,66,Clayey,Oil seeds,14,17,15,14-35-14
28,65,49,Black,Tobacco,6,19,36,28-28
39,60,56,Loamy,Ground Nuts,8,28,13,14-35-14
20,51,55,Red,Oil seeds,9,30,1,14-35-14
34,78,31,Loamy,Millets,44,32,12,20-20
27,51,54,Loamy,Maize,43,27,39,Urea
21,76,52,Sandy,Cotton,4,14,41,DAP
24,74,66,Black,Ground Nuts,17,0,36,DAP
38,64,64,Red,Sugarcane,13,38,9,17-17-17
28,59,53,Loamy,Maize,32,17,15,Urea
23,63,31,Loamy,Wheat,46,7,16,28-28
31,66,30,Black,Paddy,7,24,19,20-20
23,56,47,Red,Tobacco,26,12,47,DAP
32,65,61,Red,Oil seeds,37,24,22,28-28
34,66,35,Clayey,Cotton,34,24,12,20-20
35,61,62,Loamy,Tobacco,22,6,11,DAP
35,68,54,Sandy,Pulses,38,41,14,28-28
36,52,55,Sandy,Wheat,15,0,26,20-20
37,64,57,Black,Wheat,10,3,28,DAP
22,73,21,Sandy,Millets,42,36,1,28-28
25,56,22,Clayey,Pulses,17,32,17,20-20
27,63,41,Loamy,Oil seeds,18,33,44,28-28
21,65,25,Clayey,Sugarcane,6,40,9,DAP
32,64,60,Loamy,Sugarcane,8,37,30,28-28
30,52,36,Sandy,Cotton,40,39,1,DAP
32,69,45,Black,Sugarcane,41,45,49,20-20
38,71,45,Loamy,Millets,1,10,16,17-17-17
38,77,66,Clayey,Oil seeds,27,20,7,20-20
23,66,64,Loamy,Maize,33,40,22,DAP
24,53,45,Clayey,Ground Nuts,1,21,10,DAP
23,50,47,Clayey,Paddy,43,2,32,Urea
31,50,34,Red,Wheat,31,9,33,DAP
29,77,53,Black,Paddy,33,12,39,20-20
22,66,58,Red,Tobacco,47,6,17,20-20
25,50,23,Sandy,Tobacco,8,8,14,28-28
30,54,42,Loamy,Sugarcane,1,15,24,DAP
37,53,65,Clayey,Pulses,22,37,8,Urea
24,61,34,Loamy,Paddy,27,45,9,20-20
33,68,36,Red,Sugarcane,48,41,5,Urea
21,51,55,Loamy,Paddy,0,43,45,20-20
34,72,49,Loamy,Tobacco,28,36,12,28-28
30,79,53,Clayey,Oil seeds,4,40,40,DAP
35,67,52,Sandy,Paddy,41,48,20,20-20
20,77,61,Clayey,Wheat,23,0,17,17-17-17
22,79,61,Clayey,Sugarcane,41,25,46,DAP
33,68,45,Loamy,Ground Nuts,16,40,5,17-17-17
39,74,67,Red,Millets,30,23,47,14-35-14
33,75,46,Black,Maize,3,20,22,14-35-14
37,54,64,Loamy,Wheat,20,28,0,17-17-17
22,63,64,Black,Ground Nuts,42,24,34,Urea
37,76,24,Sandy,Oil seeds,38,9,40,20-20
34,64,30,Black,Wheat,47,13,0,28-28
22,57,22,Sandy,Oil seeds,44,36,44,14-35-14
34,71,21,Sandy,Paddy,18,24,0,Urea
34,53,32,Loamy,Maize,14,13,20,Urea
23,50,41,Red,Oil seeds,13,49,8,20-20
30,74,23,Sandy,Paddy,32,24,22,Urea
27,78,45,Clayey,Paddy,39,42,39,28-28
24,67,35,Black,Cotton,26,28,33,17-17-17
39,57,29,Black,Oil seeds,24,49,4,DAP
34,65,69,Sandy,Wheat,41,1,33,Urea
30,66,64,Black,Oil seeds,28,16,42,20-20
35,59,31,Clayey,Ground Nuts,6,29,25,20-20
24,67,69,Loamy,Cotton,18,29,40,DAP
32,75,20,Red,Millets,27,26,46,14-35-14
38,62,59,Clayey,Wheat,16,46,9,20-20
33,56,47,Loamy,Pulses,13,30,38,DAP
32,79,31,Red,Paddy,22,16,9,20-20
23,74,69,Red,Tobacco,46,46,49,17-17-17
30,68,44,Clayey,Pulses,27,46,18,DAP
25,73,49,Black,Ground Nuts,34,3,3,Urea
20,76,55,Black,Wheat,5,15,18,20-20
35,66,38,Sandy,Oil seeds,37,20,44,28-28
27,72,61,Loamy,Oil seeds,39,2,15,Urea
25,76,46,Black,Millets,19,36,9,28-28
30,57,46,Loamy,Cotton,28,31,47,20-20
39,61,60,Sandy,Cotton,45,47,21,28-28
25,63,59,Clayey,Wheat,0,8,35,DAP
24,65,46,Clayey,Pulses,37,18,21,17-17-17
35,57,33,Black,Tobacco,38,43,17,17-17-17
28,60,31,Black,Millets,16,20,12,20-20
24,79,52,Red,Cotton,13,18,18,20-20
35,65,20,Black,Pulses,21,24,39,17-17-17
27,59,49,Sandy,Oil seeds,38,33,31,20-20
37,59,30,Sandy,Ground Nuts,49,11,13,20-20
37,67,28,Clayey,Tobacco,4,16,33,DAP
23,52,69,Black,Pulses,27,38,43,Urea
25,59,44,Loamy,Wheat,7,39,48,28-28
33,64,35,Red,Wheat,15,3,1,Urea
36,51,62,Loamy,Cotton,28,3,37,28-28
36,70,27,Clayey,Tobacco,42,14,42,20-20
31,73,55,Clayey,Sugarcane,21,36,41,28-28
27,54,46,Black,Maize,28,7,42,14-35-14
35,57,21,Loamy,Wheat,2,28,34,DAP
23,74,64,Sandy,Millets,13,2,23,Urea
20,77,56,Black,Sugarcane,13,48,11,14-35-14
31,68,35,Red,Wheat,28,28,4,DAP
28,59,46,Loamy,Maize,48,37,36,Urea
28,59,67,Black,Cotton,37,21,36,Urea
35,74,51,Red,Wheat,29,15,48,20-20
21,78,50,Red,Cotton,32,2,2,28-28
32,68,45,Loamy,Maize,31,21,11,Urea
23,51,43,Sandy,Maize,21,18,1,17-17-17
31,61,29,Clayey,Paddy,43,7,32,28-28
23,59,42,Loamy,Tobacco,32,27,21,28-28
36,57,67,Red,Ground Nuts,25,10,31,Urea
38,66,68,Sandy,Maize,49,11,11,17-17-17
39,64,28,Black,Ground Nuts,34,46,18,14-35-14
29,62,49,Red,Cotton,29,21,27,Urea
37,61,39,Sandy,Ground Nuts,41,36,31,17-17-17
36,56,67,Loamy,Wheat,26,6,25,DAP
25,57,61,Red,Cotton,12,4,20,14-35-14
27,72,58,Loamy,Millets,40,19,3,20-20
22,56,55,Loamy,Millets,5,21,2,20-20
30,73,59,Clayey,Paddy,48,41,47,17-17-17
36,74,22,Clayey,Maize,0,3,21,Urea
24,58,55,Sandy,Cotton,27,47,2,17-17-17
25,53,24,Sandy,Wheat,24,2,31,DAP
31,50,41,Red,Pulses,13,44,46,28-28
38,66,39,Loamy,Wheat,2,39,46,DAP
38,62,27,Loamy,Millets,35,36,6,DAP
35,76,51,Sandy,Wheat,29,19,29,Urea
25,63,43,Red,Sugarcane,18,24,36,20-20
32,68,45,Sandy,Wheat,7,11,1,28-28
33,55,69,Clayey,Pulses,31,44,45,14-35-14
39,68,56,Clayey,Wheat,6,9,38,28-28
21,77,69,Black,Tobacco,28,40,21,DAP
32,61,43,Sandy,Cotton,41,47,33,20-20
27,62,38,Red,Millets,6,32,31,17-17-17
32,65,45,Loamy,Paddy,36,28,49,17-17-17
31,54,39,Black,Millets,17,2,21,28-28
22,68,44,Black,Paddy,47,17,17,DAP
27,62,23,Loamy,Paddy,45,13,39,28-28
23,57,48,Clayey,Millets,23,38,1,20-20
21,55,20,Red,Cotton,34,29,12,Urea
26,66,47,Clayey,Oil seeds,8,35,34,DAP
22,53,64,Loamy,Millets,18,16,13,20-20
30,73,65,Black,Pulses,1,46,7,DAP
22,54,68,Black,Wheat,40,19,1,14-35-14
28,52,34,Clayey,Oil seeds,26,22,34,DAP
24,57,51,Sandy,Cotton,25,43,20,DAP
21,59,20,Red,Sugarcane,25,44,22,28-28
24,58,48,Clayey,Sugarcane,47,34,20,17-17-17
37,66,62,Sandy,Tobacco,44,0,17,20-20
28,68,53,Red,Millets,38,16,12,Urea
22,61,24,Black,Wheat,2,32,0,20-20
21,59,33,Black,Sugarcane,36,48,15,28-28
38,64,57,Black,Maize,26,34,1,Urea
20,70,40,Sandy,Wheat,24,7,27,20-20
25,74,39,Sandy,Tobacco,27,16,16,DAP
36,61,65,Loamy,Tobacco,17,8,37,14-35-14
27,78,49,Loamy,Millets,43,13,22,17-17-17
33,77,46,Clayey,Pulses,24,16,4,17-17-17
37,66,48,Sandy,Wheat,33,27,24,14-35-14
26,74,38,Loamy,Oil seeds,19,7,21,28-28
37,50,60,Black,Tobacco,18,41,18,Urea
33,78,38,Loamy,Cotton,2,12,44,17-17-17
33,57,52,Loamy,Cotton,8,7,19,17-17-17
29,57,23,Sandy,Pulses,2,1,2,DAP
37,78,32,Red,Paddy,38,8,27,17-17-17
23,63,64,Red,Paddy,26,27,40,14-35-14
20,52,46,Loamy,Ground Nuts,27,3,24,28-28
37,69,44,Clayey,Tobacco,0,18,12,20-20
22,76,51,Loamy,Wheat,24,48,12,DAP
24,61,54,Black,Ground Nuts,48,4,29,20-20
26,55,41,Black,Oil seeds,24,9,41,20-20
31,77,54,Loamy,Maize,28,24,0,14-35-14
38,56,40,Clayey,Paddy,31,25,42,DAP
34,75,46,Black,Sugarcane,31,46,47,17-17-17
39,78,49,Clayey,Millets,48,37,16,28-28
22,61,51,Black,Pulses,15,32,38,14-35-14
38,76,59,Sandy,Paddy,28,48,31,DAP
22,52,45,Loamy,Pulses,22,48,41,Urea
25,78,49,Clayey,Cotton,35,20,26,20-20
24,57,33,Clayey,Cotton,44,45,6,20-20
36,60,56,Clayey,Millets,31,31,32,Urea
20,67,54,Loamy,Sugarcane,34,42,43,Urea
23,72,55,Sandy,Millets,48,4,3,Urea
33,66,47,Loamy,Paddy,45,48,9,28-28
27,72,63,Black,Ground Nuts,9,3,45,17-17-17
26,52,38,Sandy,Maize,37,0,0,Urea
29,52,45,Loamy,Sugarcane,12,0,36,DAP
34,65,62,Black,Cotton,7,9,30,14-35-14
32,62,34,Red,Tobacco,22,0,20,28-28
28,54,46,Clayey,Paddy,35,0,0,Urea
26,52,35,Sandy,Barley,12,10,13,17-17-17
25,50,64,Red,Cotton,9,0,10,20-20
33,64,50,Loamy,Wheat,41,0,0,Urea
30,60,42,Sandy,Millets,21,0,18,28-28
29,58,33,Black,Oil seeds,9,7,30,14-35-14
27,54,28,Clayey,Pulses,13,0,40,DAP
31,62,48,Sandy,Maize,14,15,12,17-17-17
25,50,65,Loamy,Cotton,36,0,0,Urea
32,62,41,Clayey,Paddy,24,0,22,28-28
26,52,31,Red,Ground Nuts,14,0,41,DAP
31,62,49,Black,Sugarcane,10,13,14,17-17-17
33,64,34,Clayey,Pulses,38,0,0,Urea
25,50,39,Sandy,Barley,21,0,19,28-28
28,54,65,Black,Cotton,39,0,0,Urea
29,58,52,Loamy,Wheat,13,0,36,DAP
30,60,44,Sandy,Millets,10,0,9,20-20
34,65,53,Loamy,Sugarcane,12,14,12,17-17-17
35,68,33,Red,Tobacco,11,0,37,DAP
28,54,37,Black,Millets,36,0,0,Urea
33,64,39,Clayey,Paddy,13,0,10,20-20
26,52,44,Sandy,Maize,23,0,20,28-28
30,60,63,Red,Cotton,9,9,29,14-35-14
32,62,30,Loamy,Sugarcane,38,0,0,Urea
37,70,32,Black,Oil seeds,12,0,39,DAP
26,52,36,Clayey,Pulses,14,0,13,20-20
29,58,40,Red,Ground Nuts,24,0,23,28-28
30,60,27,Loamy,Sugarcane,12,0,40,DAP
34,65,38,Clayey,Paddy,39,0,0,Urea
36,68,38,Sandy,Barley,7,9,30,14-35-14
26,52,48,Loamy,Wheat,23,0,19,28-28
28,54,35,Black,Millets,41,0,0,Urea
30,60,61,Loamy,Cotton,8,10,31,14-35-14
37,70,37,Clayey,Paddy,12,0,41,DAP
25,50,26,Red,Ground Nuts,15,14,11,17-17-17
29,58,34,Sandy,Millets,15,0,37,DAP
27,54,30,Clayey,Pulses,13,0,13,20-20
30,60,58,Loamy,Sugarcane,10,7,32,14-35-14
32,62,34,Red,Tobacco,22,0,24,28-28
34,65,60,Black,Sugarcane,35,0,0,Urea
35,67,42,Sandy,Barley,10,0,35,DAP
38,70,48,Loamy,Wheat,8,8,28,14-35-14
26,52,32,Black,Oil seeds,12,0,8,20-20
29,58,43,Clayey,Paddy,24,0,18,28-28
30,60,29,Red,Ground Nuts,41,0,0,Urea
33,64,51,Sandy,Maize,5,9,29,14-35-14
34,65,31,Red,Tobacco,23,0,21,28-28
36,68,33,Black,Oil seeds,13,0,14,20-20
28,54,38,Clayey,Pulses,40,0,0,Urea
30,60,47,Sandy,Barley,12,0,42,DAP
31,62,63,Red,Cotton,11,12,15,17-17-17
27,53,43,Black,Millets,23,0,24,28-28
34,65,54,Loamy,Wheat,38,0,0,Urea
29,58,37,Sandy,Millets,8,0,15,20-20
25,50,56,Loamy,Sugarcane,11,13,15,17-17-17
32,62,34,Red,Ground Nuts,15,0,37,DAP
28,54,41,Clayey,Paddy,36,0,0,Urea
30,60,49,Loamy,Wheat,13,0,9,20-20
34,65,64,Black,Cotton,24,0,20,28-28
28,54,47,Sandy,Barley,5,18,15,10-26-26
27,53,35,Black,Oil seeds,37,0,0,Urea
36,68,62,Red,Cotton,15,0,40,DAP
34,65,57,Black,Sugarcane,9,0,13,20-20
29,58,55,Loamy,Sugarcane,8,8,33,14-35-14
25,50,40,Clayey,Pulses,6,19,16,10-26-26
30,60,38,Sandy,Millets,10,0,14,20-20
26,52,39,Clayey,Pulses,21,0,23,28-28
31,62,32,Red,Tobacco,39,0,0,Urea
34,65,48,Loamy,Wheat,23,0,19,28-28
27,53,34,Black,Oil seeds,42,0,0,Urea
33,64,31,Red,Ground Nuts,13,0,39,DAP
29,58,42,Clayey,Paddy,9,10,22,14-35-14
30,60,47,Sandy,Maize,22,0,21,28-28
27,53,59,Loamy,Sugarcane,10,0,15,20-20
26,52,36,Clayey,Pulses,7,16,20,10-26-26
34,65,63,Red,Cotton,14,0,38,DAP
28,54,43,Clayey,Paddy,10,8,29,14-35-14
30,60,40,Sandy,Millets,41,0,0,Urea
29,58,65,Black,Cotton,14,0,35,DAP
26,52,59,Loamy,Sugarcane,11,0,9,20-20
31,62,44,Sandy,Barley,21,0,28,28-28
35,67,28,Clayey,Pulses,8,7,31,14-35-14
29,58,30,Red,Tobacco,13,17,16,10-26-26
27,53,30,Black,Millets,35,0,0,Urea
36,68,50,Loamy,Wheat,12,18,19,10-26-26
29,58,61,Loamy,Cotton,11,0,38,DAP
30,60,26,Black,Oil seeds,8,9,30,14-35-14
34,65,45,Clayey,Paddy,6,19,21,10-26-26
36,68,41,Red,Ground Nuts,41,0,0,Urea
28,54,25,Sandy,Maize,9,10,30,14-35-14
25,50,32,Clayey,Pulses,24,0,19,28-28
30,60,27,Red,Tobacco,4,17,17,10-26-26
38,72,51,Loamy,Wheat,39,0,0,Urea
36,60,43,Sandy,Millets,15,0,41,DAP
29,58,57,Black,Sugarcane,12,0,10,20-20
32,69,29,Red,Tobacco,8,7,8,20-20
38,63,61,Black,Sugarcane,33,11,10,DAP
27,50,27,Loamy,Pulses,5,44,3,Urea
39,68,22,Black,Ground Nuts,8,36,33,28-28
22,57,46,Red,Paddy,4,7,24,14-35-14
24,57,44,Loamy,Pulses,6,31,36,Urea
36,68,31,Sandy,Tobacco,3,23,5,17-17-17
39,64,40,Red,Ground Nuts,5,41,8,28-28
27,71,22,Red,Paddy,39,38,21,Urea
37,57,23,Sandy,Paddy,32,39,49,DAP
30,52,63,Sandy,Cotton,29,2,1,17-17-17
22,53,37,Sandy,Sugarcane,18,9,45,28-28
34,79,49,Loamy,Paddy,45,48,0,17-17-17
38,52,51,Black,Ground Nuts,17,15,2,28-28
39,71,23,Clayey,Ground Nuts,23,20,11,14-35-14
34,69,49,Black,Paddy,1,5,21,Urea
39,64,41,Black,Paddy,42,8,25,20-20
29,50,31,Red,Sugarcane,37,11,11,17-17-17
37,63,68,Sandy,Oil seeds,23,43,34,DAP
25,51,69,Loamy,Tobacco,4,4,43,28-28
21,66,69,Sandy,Cotton,39,0,13,Urea
28,62,58,Sandy,Sugarcane,32,13,42,DAP
23,77,35,Black,Millets,42,30,11,20-20
32,76,47,Black,Wheat,42,0,47,17-17-17
22,71,22,Black,Tobacco,39,16,27,17-17-17
39,69,66,Sandy,Pulses,31,17,42,DAP
28,58,44,Clayey,Maize,30,10,17,20-20
20,68,23,Red,Pulses,28,4,5,17-17-17
33,70,51,Clayey,Tobacco,1,48,41,28-28
22,59,52,Loamy,Pulses,42,8,7,Urea
29,51,40,Sandy,Cotton,27,15,44,17-17-17
31,72,30,Black,Maize,7,41,40,20-20
33,77,34,Loamy,Paddy,1,22,32,20-20
30,75,32,Loamy,Maize,2,47,36,DAP
39,54,65,Red,Millets,25,36,48,Urea
36,65,23,Black,Ground Nuts,29,12,4,DAP
39,61,37,Loamy,Wheat,27,1,2,14-35-14
28,52,61,Clayey,Pulses,19,11,2,DAP
38,73,33,Red,Sugarcane,40,5,48,17-17-17
39,76,52,Red,Ground Nuts,42,3,21,DAP
31,76,67,Loamy,Millets,4,9,29,17-17-17
23,51,69,Sandy,Ground Nuts,17,46,45,14-35-14
38,67,45,Clayey,Cotton,12,6,4,DAP
30,76,23,Red,Tobacco,27,6,5,20-20
34,70,27,Black,Sugarcane,3,17,35,28-28
28,55,26,Black,Pulses,47,34,31,28-28
33,76,42,Clayey,Wheat,3,29,20,20-20
38,54,49,Loamy,Ground Nuts,27,45,29,28-28
38,62,61,Red,Paddy,43,15,2,28-28
35,64,67,Red,Paddy,37,49,44,DAP
28,78,57,Red,Millets,9,4,28,Urea
24,52,32,Loamy,Millets,3,35,45,17-17-17
28,68,46,Red,Pulses,27,45,30,28-28
39,52,69,Black,Wheat,31,40,33,28-28
28,61,56,Red,Millets,2,27,31,20-20
26,52,65,Sandy,Wheat,41,18,48,20-20
23,52,44,Loamy,Millets,9,20,36,DAP
26,59,36,Red,Paddy,31,44,12,Urea
39,73,30,Red,Pulses,2,39,19,DAP
30,54,40,Clayey,Millets,28,46,27,14-35-14
21,77,28,Red,Maize,18,13,18,Urea
29,59,20,Black,Millets,44,37,36,17-17-17
24,73,48,Black,Ground Nuts,47,8,23,DAP
22,77,54,Clayey,Millets,14,45,36,DAP
23,67,28,Sandy,Cotton,6,6,19,28-28
28,60,55,Sandy,Maize,43,8,34,Urea
39,52,65,Sandy,Tobacco,3,49,10,Urea
28,66,37,Clayey,Sugarcane,0,19,26,DAP
21,77,56,Clayey,Pulses,39,28,17,Urea
38,71,45,Black,Pulses,32,27,22,17-17-17
30,77,45,Loamy,Pulses,20,24,17,Urea
26,70,37,Loamy,Pulses,18,42,14,DAP
31,64,54,Sandy,Wheat,13,2,4,DAP
39,77,22,Loamy,Ground Nuts,19,39,22,28-28
20,66,49,Red,Ground Nuts,23,18,20,Urea
34,63,36,Sandy,Millets,17,5,31,DAP
37,53,51,Black,Millets,14,0,48,14-35-14
37,56,31,Loamy,Sugarcane,2,16,18,28-28
24,52,60,Clayey,Sugarcane,2,34,28,14-35-14
33,57,35,Loamy,Ground Nuts,15,11,11,Urea
20,76,61,Black,Oil seeds,30,13,33,Urea
28,79,68,Sandy,Tobacco,33,44,44,20-20
29,76,67,Black,Ground Nuts,9,7,46,28-28
24,69,41,Red,Oil seeds,9,12,16,14-35-14
32,55,22,Sandy,Wheat,0,28,19,Urea
21,65,47,Black,Ground Nuts,25,15,27,Urea
38,63,22,Loamy,Ground Nuts,20,25,22,14-35-14
28,51,50,Red,Paddy,35,17,32,17-17-17
34,68,39,Red,Pulses,43,5,20,14-35-14
37,56,37,Loamy,Cotton,22,39,49,17-17-17
25,57,69,Sandy,Pulses,33,16,12,20-20
39,57,25,Clayey,Tobacco,46,12,10,17-17-17
33,60,30,Sandy,Tobacco,47,14,23,DAP
31,60,65,Clayey,Tobacco,36,37,0,20-20
25,54,49,Red,Cotton,18,39,4,Urea
23,67,53,Black,Pulses,13,4,28,20-20
20,69,67,Loamy,Tobacco,31,22,11,Urea
24,73,49,Red,Cotton,17,32,2,Urea
20,63,55,Sandy,Sugarcane,41,14,8,20-20
23,78,67,Clayey,Paddy,1,10,6,14-35-14
29,78,47,Sandy,Ground Nuts,26,34,37,DAP
36,57,62,Sandy,Millets,7,4,36,Urea
32,66,57,Clayey,Sugarcane,14,12,20,28-28
38,72,59,Sandy,Ground Nuts,28,10,16,17-17-17
32,56,26,Loamy,Maize,29,0,13,28-28
21,64,55,Sandy,Wheat,40,9,40,28-28
32,77,52,Clayey,Ground Nuts,32,28,6,14-35-14
31,79,55,Sandy,Cotton,6,1,22,28-28
36,71,65,Loamy,Ground Nuts,22,44,6,17-17-17
21,55,35,Red,Tobacco,32,43,40,14-35-14
22,54,23,Black,Maize,49,6,24,20-20
23,78,50,Red,Oil seeds,25,11,31,20-20
31,68,43,Sandy,Wheat,9,3,29,DAP
28,58,48,Sandy,Cotton,49,48,0,DAP
23,68,44,Sandy,Millets,29,29,0,20-20
34,50,37,Loamy,Oil seeds,30,46,28,28-28
24,60,52,Red,Cotton,40,43,44,17-17-17
22,69,49,Clayey,Ground Nuts,21,19,35,20-20
35,61,67,Black,Tobacco,38,27,19,Urea
36,62,26,Loamy,Millets,22,44,43,17-17-17
34,66,37,Clayey,Paddy,25,44,44,Urea
39,56,47,Black,Ground Nuts,12,41,37,28-28
36,68,61,Red,Millets,24,35,47,17-17-17
30,70,62,Clayey,Paddy,19,36,20,DAP
32,53,27,Red,Cotton,13,24,7,Urea
37,53,40,Sandy,Ground Nuts,48,49,16,Urea
26,62,29,Sandy,Sugarcane,6,28,29,Urea
32,54,65,Sandy,Pulses,0,29,21,17-17-17
27,65,45,Loamy,Tobacco,3,15,6,28-28
21,56,47,Clayey,Cotton,25,45,0,Urea
35,57,30,Red,Tobacco,43,8,5,14-35-14
21,60,40,Clayey,Cotton,29,45,2,28-28
28,62,25,Red,Oil seeds,34,2,19,20-20
25,69,27,Sandy,Ground Nuts,30,37,0,28-28
30,68,63,Black,Maize,17,7,14,14-35-14
38,64,66,Black,Ground Nuts,19,29,34,Urea
29,77,53,Clayey,Wheat,29,28,30,28-28
31,74,37,Clayey,Sugarcane,26,13,20,20-20
23,79,33,Loamy,Cotton,22,45,11,17-17-17
35,50,22,Loamy,Oil seeds,20,5,23,DAP
24,77,55,Black,Sugarcane,10,25,34,20-20
24,64,49,Sandy,Sugarcane,35,25,21,28-28
33,60,39,Red,Paddy,0,6,37,20-20
22,55,35,Loamy,Cotton,43,40,10,DAP
32,53,20,Sandy,Cotton,0,25,1,Urea
29,56,46,Clayey,Paddy,0,31,48,28-28
33,54,25,Red,Cotton,14,11,47,17-17-17
27,65,30,Red,Wheat,45,34,22,28-28
36,50,59,Black,Oil seeds,31,47,47,DAP
20,64,37,Red,Paddy,42,0,41,14-35-14
22,51,58,Loamy,Sugarcane,41,4,22,20-20
20,73,44,Loamy,Pulses,5,10,26,Urea
23,57,67,Black,Paddy,16,20,31,DAP
31,54,63,Black,Millets,19,23,16,14-35-14
23,67,59,Sandy,Cotton,8,28,33,28-28
27,53,69,Red,Wheat,31,49,22,DAP
38,51,64,Red,Ground Nuts,25,41,2,28-28
34,79,40,Sandy,Tobacco,25,35,42,DAP
30,63,55,Black,Maize,12,47,27,14-35-14
39,72,54,Red,Millets,1,12,11,17-17-17
38,57,69,Black,Ground Nuts,38,25,37,14-35-14
21,55,46,Clayey,Maize,44,7,28,17-17-17
36,58,59,Sandy,Maize,28,37,33,28-28
36,77,45,Red,Paddy,12,10,29,14-35-14
31,50,32,Red,Pulses,32,11,36,DAP
35,57,57,Black,Sugarcane,25,18,2,17-17-17
34,54,48,Black,Pulses,4,2,22,Urea
30,50,29,Clayey,Ground Nuts,4,46,22,14-35-14
30,74,38,Black,Pulses,10,18,23,Urea
33,51,52,Red,Cotton,10,7,28,20-20
22,67,34,Red,Oil seeds,45,35,36,17-17-17
24,77,42,Black,Ground Nuts,49,39,23,20-20
36,76,52,Loamy,Maize,36,36,30,28-28
27,50,20,Sandy,Cotton,4,16,18,28-28
21,58,53,Black,Oil seeds,19,25,17,14-35-14
21,50,54,Red,Wheat,6,11,12,20-20
30,64,33,Black,Ground Nuts,23,26,41,20-20
28,56,44,Black,Sugarcane,28,20,17,Urea
20,55,69,Black,Pulses,17,8,43,DAP
21,64,34,Sandy,Maize,19,39,30,14-35-14
26,50,40,Black,Paddy,27,32,48,17-17-17
20,59,40,Black,Ground Nuts,37,22,27,DAP
23,52,21,Loamy,Wheat,9,10,44,Urea
32,50,22,Black,Cotton,44,35,42,20-20
30,66,21,Red,Pulses,34,31,45,DAP
20,60,54,Red,Paddy,25,9,40,20-20
29,65,58,Loamy,Ground Nuts,34,29,42,14-35-14
29,60,68,Clayey,Wheat,4,47,38,20-20
22,50,40,Loamy,Sugarcane,16,30,17,17-17-17
32,52,69,Red,Oil seeds,49,14,15,17-17-17
23,73,63,Clayey,Pulses,33,5,7,20-20
32,60,62,Clayey,Cotton,5,37,21,14-35-14
26,72,31,Sandy,Paddy,5,17,42,20-20
34,57,55,Clayey,Paddy,36,9,5,17-17-17
30,62,22,Loamy,Maize,8,45,36,Urea
31,76,59,Sandy,Ground Nuts,0,29,39,DAP
32,69,39,Black,Sugarcane,20,2,27,20-20
22,66,49,Sandy,Tobacco,20,21,22,DAP
28,55,55,Clayey,Oil seeds,5,31,44,28-28
33,79,29,Sandy,Millets,7,7,43,Urea
35,73,48,Red,Cotton,49,7,17,28-28
24,59,20,Black,Sugarcane,24,15,1,Urea
24,53,27,Black,Paddy,12,18,29,17-17-17
29,55,50,Red,Oil seeds,9,44,44,DAP
24,62,68,Red,Cotton,44,20,15,DAP
35,70,36,Loamy,Sugarcane,26,27,35,DAP
32,61,55,Sandy,Sugarcane,17,14,43,DAP
23,51,30,Sandy,Pulses,23,38,45,14-35-14
21,52,46,Clayey,Ground Nuts,17,8,30,20-20
27,76,62,Loamy,Paddy,47,36,39,14-35-14
30,50,54,Clayey,Tobacco,47,38,32,Urea
39,68,61,Loamy,Pulses,37,27,18,17-17-17
31,68,39,Black,Wheat,35,42,25,DAP
33,73,22,Loamy,Millets,38,22,35,20-20
22,56,35,Clayey,Wheat,1,10,14,17-17-17
25,62,61,Sandy,Cotton,15,45,40,DAP
25,77,46,Black,Cotton,0,45,37,14-35-14
23,74,41,Red,Maize,12,38,5,14-35-14
31,65,49,Clayey,Ground Nuts,41,34,3,17-17-17
24,65,39,Black,Sugarcane,41,49,27,20-20
23,53,38,Black,Ground Nuts,14,12,49,Urea
35,73,58,Loamy,Tobacco,31,27,1,DAP
31,76,26,Loamy,Wheat,15,10,40,14-35-14
34,57,61,Sandy,Paddy,21,25,39,DAP
23,66,27,Black,Cotton,48,40,4,14-35-14
39,74,32,Red,Tobacco,28,7,15,DAP
33,67,24,Loamy,Paddy,14,16,5,20-20
32,61,27,Clayey,Paddy,25,28,26,20-20
20,56,53,Sandy,Maize,11,15,36,DAP
37,70,46,Clayey,Wheat,30,28,19,Urea
22,68,28,Red,Millets,11,26,48,20-20
24,71,22,Sandy,Millets,19,9,33,Urea
27,50,63,Loamy,Wheat,43,2,5,28-28
31,56,34,Sandy,Oil seeds,47,32,39,Urea
34,72,46,Sandy,Oil seeds,1,10,37,20-20
31,60,55,Red,Ground Nuts,49,35,30,17-17-17
27,50,31,Black,Wheat,45,40,23,Urea
33,62,36,Loamy,Maize,17,34,29,14-35-14
34,75,32,Clayey,Wheat,49,16,6,14-35-14
23,69,58,Black,Maize,5,38,49,Urea
21,76,68,Clayey,Ground Nuts,8,11,8,28-28
27,68,67,Sandy,Sugarcane,2,37,20,14-35-14
38,54,22,Red,Maize,31,29,39,17-17-17
38,74,24,Clayey,Tobacco,17,35,2,17-17-17
25,65,46,Black,Maize,36,46,31,14-35-14
33,73,50,Sandy,Cotton,5,23,31,14-35-14
38,51,66,Red,Maize,0,7,6,DAP
25,60,69,Loamy,Ground Nuts,27,11,5,20-20
29,65,22,Red,Pulses,13,39,33,28-28
30,63,35,Loamy,Millets,42,15,32,20-20
29,72,45,Sandy,Sugarcane,27,46,1,14-35-14
36,66,52,Clayey,Ground Nuts,18,30,31,DAP
37,76,32,Red,Paddy,18,35,16,17-17-17
32,60,40,Black,Wheat,19,12,8,DAP
38,57,66,Black,Oil seeds,16,49,15,DAP
33,60,24,Black,Oil seeds,22,10,46,DAP
39,50,46,Sandy,Wheat,2,34,45,14-35-14
38,51,47,Sandy,Pulses,43,12,26,14-35-14
35,50,53,Red,Sugarcane,1,39,27,14-35-14
38,63,26,Sandy,Maize,32,42,7,28-28
36,79,35,Red,Sugarcane,9,48,24,DAP
38,75,43,Clayey,Oil seeds,23,48,10,DAP
24,67,29,Sandy,Ground Nuts,4,9,42,DAP
34,54,51,Loamy,Tobacco,30,35,33,14-35-14
23,78,24,Sandy,Sugarcane,14,49,40,Urea
37,65,39,Clayey,Cotton,9,39,19,Urea
37,69,46,Clayey,Paddy,21,6,24,Urea
26,57,69,Clayey,Tobacco,38,4,1,17-17-17
25,50,30,Sandy,Millets,42,48,14,DAP
23,69,58,Black,Cotton,9,45,39,17-17-17
24,76,47,Black,Sugarcane,28,25,46,17-17-17
39,76,28,Loamy,Sugarcane,44,21,9,DAP
27,63,64,Sandy,Wheat,17,27,18,14-35-14
30,79,31,Loamy,Sugarcane,14,3,26,20-20
37,68,32,Loamy,Pulses,13,10,48,14-35-14
28,73,25,Clayey,Wheat,18,33,27,14-35-14
28,68,26,Loamy,Ground Nuts,31,49,9,17-17-17
36,65,28,Clayey,Pulses,30,27,29,28-28
32,57,49,Sandy,Tobacco,36,21,32,Urea
23,75,48,Red,Ground Nuts,35,25,19,DAP
38,56,35,Loamy,Oil seeds,26,35,23,Urea
36,54,39,Clayey,Sugarcane,49,45,4,28-28
33,60,27,Red,Tobacco,0,29,46,Urea
31,56,40,Red,Wheat,26,2,36,Urea
25,67,64,Loamy,Pulses,12,6,11,28-28
23,69,49,Black,Cotton,2,7,1,28-28
34,77,64,Loamy,Ground Nuts,17,18,38,14-35-14
36,64,37,Black,Oil seeds,12,31,14,DAP
20,76,48,Black,Pulses,35,44,19,DAP
31,79,56,Clayey,Ground Nuts,42,27,0,20-20
24,63,56,Sandy,Oil seeds,47,31,19,28-28
24,72,52,Sandy,Ground Nuts,45,14,33,20-20
34,65,21,Clayey,Cotton,49,22,49,28-28
35,76,23,Clayey,Cotton,22,42,36,17-17-17
38,78,22,Black,Millets,21,12,8,17-17-17
25,53,29,Sandy,Paddy,44,32,49,Urea
21,78,33,Black,Paddy,10,23,37,DAP
29,56,49,Sandy,Oil seeds,27,13,35,28-28
32,69,38,Loamy,Wheat,22,3,8,14-35-14
27,73,43,Loamy,Paddy,9,14,12,17-17-17
21,52,22,Sandy,Cotton,0,13,46,20-20
34,66,24,Loamy,Paddy,24,13,44,14-35-14
21,56,62,Clayey,Pulses,40,7,30,Urea
33,62,58,Red,Wheat,17,34,6,17-17-17
23,52,41,Red,Oil seeds,26,39,18,28-28
38,79,62,Loamy,Sugarcane,20,23,22,DAP
39,55,39,Clayey,Sugarcane,42,47,8,Urea
28,71,41,Red,Paddy,47,24,46,Urea
38,57,39,Clayey,Pulses,40,39,36,17-17-17
35,66,21,Sandy,Oil seeds,16,38,3,17-17-17
36,79,40,Black,Tobacco,4,25,33,DAP
26,64,57,Sandy,Tobacco,22,13,38,14-35-14
27,51,34,Red,Maize,47,4,46,17-17-17
22,67,50,Clayey,Millets,10,18,11,DAP
37,61,55,Black,Wheat,49,13,24,Urea
38,57,22,Loamy,Oil seeds,15,45,37,Urea
20,56,33,Clayey,Ground Nuts,8,37,38,14-35-14
36,70,21,Clayey,Paddy,13,21,9,DAP
27,51,59,Sandy,Ground Nuts,36,4,34,14-35-14
35,50,38,Red,Millets,40,43,18,14-35-14
30,71,31,Loamy,Paddy,47,15,9,14-35-14
21,51,51,Red,Cotton,34,22,39,DAP
32,59,43,Clayey,Cotton,7,20,19,14-35-14
21,57,30,Black,Pulses,9,31,37,Urea
24,50,62,Red,Paddy,43,35,22,14-35-14
33,69,65,Black,Oil seeds,7,23,27,17-17-17
23,54,32,Loamy,Ground Nuts,12,33,40,14-35-14
34,72,41,Loamy,Millets,46,49,10,Urea
21,51,32,Black,Maize,32,9,22,28-28
32,53,27,Sandy,Pulses,29,40,47,14-35-14
35,54,23,Clayey,Maize,14,44,10,20-20
31,61,23,Black,Oil seeds,15,33,30,28-28
21,62,65,Black,Oil seeds,19,44,19,DAP
36,72,52,Sandy,Maize,35,20,23,17-17-17
23,63,50,Clayey,Maize,40,18,29,28-28
28,54,21,Clayey,Cotton,2,1,47,Urea
37,54,31,Black,Paddy,46,39,48,14-35-14
34,59,55,Sandy,Cotton,15,49,32,17-17-17
35,54,65,Black,Maize,38,1,7,28-28
35,72,63,Red,Cotton,11,22,43,20-20
23,70,58,Loamy,Pulses,40,47,47,14-35-14
24,60,35,Red,Millets,15,30,17,Urea
21,78,43,Loamy,Maize,6,17,15,14-35-14
35,63,53,Clayey,Wheat,33,48,13,20-20
20,53,29,Clayey,Wheat,24,33,19,28-28
39,59,62,Black,Ground Nuts,48,7,30,DAP
22,61,37,Loamy,Ground Nuts,48,41,23,28-28
35,70,54,Clayey,Oil seeds,27,1,32,Urea
30,72,52,Red,Paddy,36,30,14,28-28
32,72,61,Red,Pulses,33,15,13,Urea
32,77,53,Black,Tobacco,44,36,6,17-17-17
38,58,21,Loamy,Oil seeds,28,11,27,Urea
37,75,38,Black,Pulses,1,34,5,28-28
33,77,69,Red,Millets,4,26,21,DAP
29,58,55,Loamy,Oil seeds,22,20,2,14-35-14
23,55,47,Clayey,Wheat,4,45,37,28-28
34,56,35,Loamy,Maize,49,25,40,Urea
27,59,26,Sandy,Cotton,44,1,36,20-20
39,56,23,Clayey,Tobacco,37,23,49,17-17-17
32,53,33,Black,Oil seeds,46,4,36,DAP
35,73,46,Loamy,Cotton,36,24,38,28-28
35,73,38,Sandy,Ground Nuts,42,14,7,17-17-17
36,50,51,Black,Oil seeds,23,8,7,20-20
26,73,57,Loamy,Tobacco,30,14,33,20-20
23,59,35,Black,Wheat,25,24,8,17-17-17
39,58,43,Loamy,Oil seeds,16,21,47,17-17-17
32,56,23,Sandy,Wheat,29,10,30,17-17-17
25,73,65,Black,Paddy,24,15,19,DAP
31,73,39,Red,Pulses,20,27,9,DAP
25,76,34,Red,Ground Nuts,11,1,13,Urea
31,53,64,Loamy,Millets,16,15,31,DAP
32,55,61,Black,Pulses,14,25,48,20-20
38,61,49,Clayey,Millets,25,48,39,17-17-17
34,62,29,Red,Maize,25,40,11,DAP
24,70,68,Black,Oil seeds,21,20,19,17-17-17
36,56,63,Black,Maize,33,41,42,17-17-17
32,77,29,Clayey,Oil seeds,30,39,1,Urea
34,71,42,Red,Wheat,12,25,6,17-17-17
23,75,36,Red,Sugarcane,41,42,1,20-20
34,73,45,Clayey,Wheat,20,47,29,28-28
30,68,23,Clayey,Maize,14,37,4,DAP
33,59,37,Black,Tobacco,9,2,42,DAP
27,57,47,Loamy,Millets,31,38,21,Urea
37,69,34,Loamy,Paddy,28,47,30,DAP
27,77,40,Clayey,Paddy,46,47,1,17-17-17
33,70,56,Clayey,Cotton,21,39,38,Urea
22,77,24,Black,Ground Nuts,14,32,47,28-28
33,69,44,Black,Cotton,18,37,43,28-28
35,70,64,Clayey,Pulses,34,29,13,17-17-17
33,70,51,Clayey,Wheat,18,40,4,28-28
35,58,49,Red,Sugarcane,30,12,23,28-28
26,59,23,Loamy,Tobacco,33,19,33,Urea
23,56,24,Loamy,Millets,34,28,48,20-20
24,61,58,Clayey,Pulses,45,20,10,14-35-14
23,73,46,Red,Millets,4,20,11,17-17-17
32,56,65,Clayey,Pulses,22,28,29,17-17-17
24,64,67,Sandy,Tobacco,4,7,22,17-17-17
22,57,43,Loamy,Ground Nuts,36,12,33,20-20
22,63,28,Loamy,Maize,32,10,26,28-28
20,56,67,Red,Pulses,12,47,19,DAP
20,54,41,Loamy,Paddy,1,22,30,20-20
27,76,55,Black,Tobacco,11,48,47,DAP
33,57,27,Red,Sugarcane,12,42,8,Urea
21,57,49,Black,Oil seeds,19,21,46,14-35-14
22,56,25,Sandy,Wheat,17,18,35,17-17-17
28,74,37,Red,Paddy,46,23,31,Urea
33,59,31,Clayey,Paddy,45,19,22,DAP
30,60,38,Clayey,Ground Nuts,30,40,28,Urea
26,67,20,Sandy,Paddy,12,7,9,Urea
34,67,62,Sandy,Cotton,37,40,3,20-20
23,59,41,Clayey,Wheat,9,0,36,28-28
29,69,64,Clayey,Ground Nuts,0,10,39,DAP
31,73,51,Black,Wheat,36,26,10,28-28
29,78,63,Clayey,Sugarcane,26,33,16,20-20
25,51,34,Clayey,Pulses,37,2,18,14-35-14
21,74,35,Red,Sugarcane,13,6,5,Urea
34,54,44,Red,Millets,19,20,45,28-28
36,51,66,Red,Millets,34,35,28,20-20
34,79,69,Red,Ground Nuts,20,25,0,20-20
36,62,68,Sandy,Cotton,24,33,41,DAP
24,62,20,Red,Ground Nuts,33,17,22,20-20
35,53,51,Sandy,Millets,40,21,35,28-28
29,53,20,Sandy,Oil seeds,12,11,17,28-28
35,55,63,Loamy,Pulses,3,49,27,20-20
25,52,46,Sandy,Sugarcane,20,18,45,Urea
30,73,52,Sandy,Wheat,48,44,21,28-28
28,55,36,Black,Maize,23,30,9,20-20
37,55,30,Clayey,Wheat,44,27,42,20-20
38,79,60,Clayey,Maize,32,8,38,DAP
22,70,37,Red,Sugarcane,45,33,22,17-17-17
24,59,48,Black,Paddy,22,38,41,28-28
28,71,62,Clayey,Wheat,11,2,24,Urea
36,73,47,Clayey,Cotton,45,17,43,14-35-14
30,65,49,Sandy,Maize,14,45,7,Urea
26,57,32,Black,Ground Nuts,22,48,44,14-35-14
35,62,41,Red,Paddy,40,45,8,DAP
28,66,53,Loamy,Cotton,9,5,17,17-17-17
24,56,48,Loamy,Cotton,35,36,48,28-28
37,51,34,Red,Maize,28,3,11,14-35-14
33,56,65,Red,Ground Nuts,12,30,46,DAP
32,60,48,Clayey,Tobacco,48,4,39,28-28
25,52,32,Black,Maize,49,24,5,20-20
38,72,29,Sandy,Millets,30,19,5,DAP
39,78,57,Red,Paddy,38,32,20,14-35-14
27,50,30,Sandy,Millets,46,7,22,20-20
33,64,28,Clayey,Ground Nuts,15,22,8,28-28
25,74,46,Clayey,Cotton,47,34,10,DAP
28,60,41,Red,Cotton,10,4,31,DAP
30,65,21,Black,Paddy,27,25,24,14-35-14
37,64,59,Red,Sugarcane,42,6,30,20-20
21,76,44,Red,Cotton,45,41,3,28-28
25,53,60,Black,Cotton,28,45,4,14-35-14
36,54,23,Clayey,Oil seeds,17,42,19,Urea
33,72,36,Clayey,Sugarcane,45,33,24,14-35-14
39,76,43,Sandy,Paddy,31,19,49,14-35-14
35,57,62,Clayey,Cotton,12,6,35,17-17-17
35,78,38,Clayey,Ground Nuts,41,38,40,DAP
38,74,39,Red,Tobacco,34,2,0,28-28
32,62,28,Red,Oil seeds,41,30,44,20-20
27,57,28,Clayey,Cotton,29,14,35,20-20
33,76,52,Clayey,Tobacco,45,17,13,14-35-14
30,55,27,Sandy,Ground Nuts,17,42,45,Urea
30,60,61,Black,Tobacco,36,9,20,Urea
21,71,56,Clayey,Millets,43,27,48,17-17-17
35,61,59,Clayey,Cotton,39,34,47,Urea
37,68,20,Clayey,Sugarcane,28,41,18,14-35-14
20,58,52,Clayey,Paddy,44,49,27,28-28
21,71,63,Red,Wheat,35,30,4,20-20
25,52,46,Loamy,Paddy,30,17,31,20-20
22,50,23,Loamy,Oil seeds,6,29,41,DAP
35,57,44,Loamy,Cotton,23,40,4,17-17-17
28,61,35,Loamy,Pulses,7,25,12,14-35-14
20,61,27,Red,Sugarcane,2,23,23,DAP
20,79,38,Loamy,Cotton,47,26,35,20-20
27,62,24,Red,Maize,21,5,20,20-20
36,78,25,Sandy,Cotton,20,13,18,17-17-17
31,50,33,Red,Paddy,36,3,33,Urea
28,76,69,Black,Maize,19,25,26,28-28
24,57,60,Black,Paddy,18,24,11,Urea
20,57,40,Clayey,Tobacco,17,44,9,20-20
34,58,41,Clayey,Oil seeds,29,33,35,DAP
36,76,46,Clayey,Millets,9,29,4,14-35-14
34,79,53,Clayey,Cotton,44,31,45,28-28
35,61,20,Clayey,Cotton,26,43,24,DAP
25,79,26,Clayey,Tobacco,45,18,23,Urea
24,62,54,Black,Wheat,0,4,29,14-35-14
37,54,30,Sandy,Cotton,10,0,37,28-28
32,77,27,Red,Oil seeds,2,23,3,17-17-17
39,68,63,Loamy,Tobacco,3,40,36,20-20
39,52,48,Sandy,Maize,23,1,4,DAP
27,71,63,Black,Tobacco,10,25,27,20-20
35,74,23,Black,Pulses,32,14,5,28-28
35,78,51,Sandy,Pulses,24,0,46,28-28
26,75,49,Loamy,Oil seeds,30,40,6,Urea
31,50,37,Clayey,Millets,1,1,1,DAP
39,56,65,Sandy,Cotton,12,16,33,17-17-17
20,67,32,Red,Wheat,41,31,10,20-20
22,78,34,Clayey,Wheat,11,21,29,DAP
27,58,26,Sandy,Ground Nuts,11,31,9,17-17-17
21,73,20,Clayey,Paddy,3,8,47,DAP
26,57,26,Red,Tobacco,4,13,26,14-35-14
37,76,40,Sandy,Paddy,49,7,18,28-28
23,71,32,Loamy,Ground Nuts,48,10,29,28-28
22,63,66,Red,Tobacco,4,30,18,28-28
31,62,53,Clayey,Wheat,42,15,15,14-35-14
34,76,41,Loamy,Cotton,28,46,38,14-35-14
26,79,53,Red,Sugarcane,3,18,38,14-35-14
31,71,55,Black,Maize,41,24,3,20-20
31,67,44,Black,Wheat,37,41,23,17-17-17
30,79,31,Loamy,Ground Nuts,16,18,40,20-20
31,71,37,Clayey,Maize,22,36,1,20-20
22,59,62,Loamy,Sugarcane,12,20,14,20-20
23,73,26,Sandy,Tobacco,10,34,45,17-17-17
30,77,29,Loamy,Tobacco,9,5,12,Urea
22,57,54,Red,Millets,33,43,18,Urea
28,58,43,Red,Paddy,32,0,27,Urea
25,73,36,Loamy,Cotton,27,31,39,Urea
36,76,35,Red,Oil seeds,44,46,23,17-17-17
37,55,54,Sandy,Ground Nuts,20,18,20,20-20
29,53,23,Red,Oil seeds,30,35,4,Urea
32,69,67,Red,Tobacco,43,49,45,17-17-17
27,53,66,Clayey,Paddy,28,24,44,17-17-17
30,52,69,Red,Maize,42,41,43,14-35-14
37,56,49,Loamy,Tobacco,5,1,0,14-35-14
21,54,28,Loamy,Cotton,48,44,18,20-20
25,78,63,Clayey,Maize,45,48,28,DAP
25,78,37,Black,Oil seeds,9,14,31,14-35-14
22,65,31,Sandy,Tobacco,9,38,22,28-28
32,75,36,Sandy,Wheat,42,2,46,17-17-17
30,58,27,Black,Pulses,31,1,28,Urea
34,61,32,Red,Cotton,32,38,22,14-35-14
37,72,63,Loamy,Oil seeds,33,32,39,DAP
29,62,41,Red,Paddy,10,44,6,Urea
32,73,59,Clayey,Tobacco,18,46,2,14-35-14
34,77,23,Sandy,Millets,29,17,0,20-20
28,51,32,Black,Maize,39,11,23,DAP
25,69,31,Loamy,Paddy,42,31,25,DAP
39,51,49,Red,Tobacco,30,35,49,17-17-17
28,75,66,Black,Cotton,8,24,18,17-17-17
24,54,43,Black,Millets,39,44,18,20-20
24,61,28,Red,Wheat,13,40,14,Urea
29,76,52,Red,Ground Nuts,26,1,46,DAP
37,59,46,Loamy,Wheat,30,10,21,Urea
32,71,57,Loamy,Ground Nuts,14,15,8,DAP
21,74,63,Red,Millets,27,24,23,20-20
35,74,50,Loamy,Tobacco,1,25,11,17-17-17
30,73,44,Loamy,Oil seeds,47,35,22,20-20
29,70,47,Sandy,Paddy,36,16,16,Urea
36,51,23,Loamy,Pulses,46,8,33,Urea
25,67,67,Clayey,Paddy,30,25,12,17-17-17
25,68,22,Loamy,Wheat,38,6,45,17-17-17
29,54,61,Sandy,Paddy,21,11,11,28-28
23,64,61,Red,Millets,9,41,46,DAP
34,65,42,Sandy,Tobacco,19,46,42,17-17-17
27,61,66,Red,Paddy,33,5,30,Urea
26,72,60,Clayey,Tobacco,6,9,22,DAP
34,76,40,Black,Sugarcane,6,5,45,Urea
20,78,65,Clayey,Tobacco,1,13,26,28-28
25,52,62,Clayey,Sugarcane,47,49,13,28-28
31,77,64,Loamy,Wheat,15,21,11,Urea
34,63,37,Sandy,Sugarcane,2,26,18,14-35-14
25,64,43,Sandy,Ground Nuts,22,4,3,Urea
39,68,61,Sandy,Oil seeds,28,4,47,14-35-14
20,50,60,Sandy,Ground Nuts,6,49,29,28-28
26,66,23,Loamy,Sugarcane,13,17,14,DAP
34,76,50,Sandy,Cotton,48,49,14,Urea
28,57,67,Loamy,Wheat,39,18,35,17-17-17
22,52,58,Clayey,Sugarcane,15,40,14,20-20
21,52,32,Red,Pulses,49,5,16,20-20
33,79,53,Clayey,Paddy,8,15,43,Urea
30,57,27,Sandy,Ground Nuts,45,30,3,17-17-17
30,65,59,Red,Oil seeds,0,41,2,28-28
28,60,53,Clayey,Sugarcane,39,2,33,20-20
33,76,69,Clayey,Oil seeds,27,2,34,17-17-17
33,75,51,Loamy,Sugarcane,44,17,25,28-28
24,61,55,Loamy,Ground Nuts,38,7,10,28-28
37,78,49,Clayey,Sugarcane,3,19,15,14-35-14
27,73,38,Red,Cotton,48,15,48,17-17-17
31,60,54,Red,Wheat,24,35,44,17-17-17
22,58,37,Red,Maize,40,15,44,DAP
24,51,37,Loamy,Wheat,47,20,17,17-17-17
28,58,39,Sandy,Maize,43,3,47,17-17-17
32,70,64,Sandy,Tobacco,0,43,21,17-17-17
33,63,64,Black,Pulses,23,36,41,28-28
24,67,21,Loamy,Tobacco,6,21,22,Urea
21,73,65,Clayey,Ground Nuts,29,10,10,Urea
28,54,46,Sandy,Sugarcane,24,1,20,14-35-14
39,65,28,Clayey,Pulses,38,34,44,Urea
26,68,52,Clayey,Paddy,42,19,35,14-35-14
26,54,63,Red,Sugarcane,49,49,48,28-28
29,54,69,Sandy,Millets,16,1,30,14-35-14
31,71,34,Black,Paddy,35,23,45,17-17-17
26,58,49,Loamy,Tobacco,11,29,34,Urea
34,76,35,Red,Ground Nuts,49,45,47,28-28
36,66,38,Loamy,Pulses,19,19,27,DAP
36,67,66,Clayey,Maize,27,24,30,28-28
33,72,23,Clayey,Paddy,44,8,14,Urea
32,71,46,Loamy,Millets,35,39,6,20-20
24,76,25,Clayey,Millets,33,29,39,Urea
25,76,40,Clayey,Tobacco,4,2,9,DAP
35,57,59,Red,Oil seeds,26,40,49,28-28
36,78,58,Loamy,Wheat,34,22,33,Urea
28,69,32,Loamy,Wheat,33,43,6,17-17-17
35,52,47,Black,Pulses,25,34,10,17-17-17
26,52,38,Sandy,Maize,37,0,0,Urea
29,52,45,Loamy,Sugarcane,12,0,36,DAP
34,65,62,Black,Cotton,7,9,30,14-35-14
32,62,34,Red,Tobacco,22,0,20,28-28
28,54,46,Clayey,Paddy,35,0,0,Urea
26,52,35,Sandy,Barley,12,10,13,17-17-17
25,50,64,Red,Cotton,9,0,10,20-20
33,64,50,Loamy,Wheat,41,0,0,Urea
30,60,42,Sandy,Millets,21,0,18,28-28
29,58,33,Black,Oil seeds,9,7,30,14-35-14
27,54,28,Clayey,Pulses,13,0,40,DAP
31,62,48,Sandy,Maize,14,15,12,17-17-17
25,50,65,Loamy,Cotton,36,0,0,Urea
32,62,41,Clayey,Paddy,24,0,22,28-28
26,52,31,Red,Ground Nuts,14,0,41,DAP
31,62,49,Black,Sugarcane,10,13,14,17-17-17
33,64,34,Clayey,Pulses,38,0,0,Urea
25,50,39,Sandy,Barley,21,0,19,28-28
28,54,65,Black,Cotton,39,0,0,Urea
29,58,52,Loamy,Wheat,13,0,36,DAP
30,60,44,Sandy,Millets,10,0,9,20-20
34,65,53,Loamy,Sugarcane,12,14,12,17-17-17
35,68,33,Red,Tobacco,11,0,37,DAP
28,54,37,Black,Millets,36,0,0,Urea
33,64,39,Clayey,Paddy,13,0,10,20-20
26,52,44,Sandy,Maize,23,0,20,28-28
30,60,63,Red,Cotton,9,9,29,14-35-14
32,62,30,Loamy,Sugarcane,38,0,0,Urea
37,70,32,Black,Oil seeds,12,0,39,DAP
26,52,36,Clayey,Pulses,14,0,13,20-20
29,58,40,Red,Ground Nuts,24,0,23,28-28
30,60,27,Loamy,Sugarcane,12,0,40,DAP
34,65,38,Clayey,Paddy,39,0,0,Urea
36,68,38,Sandy,Barley,7,9,30,14-35-14
26,52,48,Loamy,Wheat,23,0,19,28-28
28,54,35,Black,Millets,41,0,0,Urea
30,60,61,Loamy,Cotton,8,10,31,14-35-14
37,70,37,Clayey,Paddy,12,0,41,DAP
25,50,26,Red,Ground Nuts,15,14,11,17-17-17
29,58,34,Sandy,Millets,15,0,37,DAP
27,54,30,Clayey,Pulses,13,0,13,20-20
30,60,58,Loamy,Sugarcane,10,7,32,14-35-14
32,62,34,Red,Tobacco,22,0,24,28-28
34,65,60,Black,Sugarcane,35,0,0,Urea
35,67,42,Sandy,Barley,10,0,35,DAP
38,70,48,Loamy,Wheat,8,8,28,14-35-14
26,52,32,Black,Oil seeds,12,0,8,20-20
29,58,43,Clayey,Paddy,24,0,18,28-28
30,60,29,Red,Ground Nuts,41,0,0,Urea
33,64,51,Sandy,Maize,5,9,29,14-35-14
34,65,31,Red,Tobacco,23,0,21,28-28
36,68,33,Black,Oil seeds,13,0,14,20-20
28,54,38,Clayey,Pulses,40,0,0,Urea
30,60,47,Sandy,Barley,12,0,42,DAP
31,62,63,Red,Cotton,11,12,15,17-17-17
27,53,43,Black,Millets,23,0,24,28-28
34,65,54,Loamy,Wheat,38,0,0,Urea
29,58,37,Sandy,Millets,8,0,15,20-20
25,50,56,Loamy,Sugarcane,11,13,15,17-17-17
32,62,34,Red,Ground Nuts,15,0,37,DAP
28,54,41,Clayey,Paddy,36,0,0,Urea
30,60,49,Loamy,Wheat,13,0,9,20-20
34,65,64,Black,Cotton,24,0,20,28-28
28,54,47,Sandy,Barley,5,18,15,10-26-26
27,53,35,Black,Oil seeds,37,0,0,Urea
36,68,62,Red,Cotton,15,0,40,DAP
34,65,57,Black,Sugarcane,9,0,13,20-20
29,58,55,Loamy,Sugarcane,8,8,33,14-35-14
25,50,40,Clayey,Pulses,6,19,16,10-26-26
30,60,38,Sandy,Millets,10,0,14,20-20
26,52,39,Clayey,Pulses,21,0,23,28-28
31,62,32,Red,Tobacco,39,0,0,Urea
34,65,48,Loamy,Wheat,23,0,19,28-28
27,53,34,Black,Oil seeds,42,0,0,Urea
33,64,31,Red,Ground Nuts,13,0,39,DAP
29,58,42,Clayey,Paddy,9,10,22,14-35-14
30,60,47,Sandy,Maize,22,0,21,28-28
27,53,59,Loamy,Sugarcane,10,0,15,20-20
26,52,36,Clayey,Pulses,7,16,20,10-26-26
34,65,63,Red,Cotton,14,0,38,DAP
28,54,43,Clayey,Paddy,10,8,29,14-35-14
30,60,40,Sandy,Millets,41,0,0,Urea
29,58,65,Black,Cotton,14,0,35,DAP
26,52,59,Loamy,Sugarcane,11,0,9,20-20
31,62,44,Sandy,Barley,21,0,28,28-28
35,67,28,Clayey,Pulses,8,7,31,14-35-14
29,58,30,Red,Tobacco,13,17,16,10-26-26
27,53,30,Black,Millets,35,0,0,Urea
36,68,50,Loamy,Wheat,12,18,19,10-26-26
29,58,61,Loamy,Cotton,11,0,38,DAP
30,60,26,Black,Oil seeds,8,9,30,14-35-14
34,65,45,Clayey,Paddy,6,19,21,10-26-26
36,68,41,Red,Ground Nuts,41,0,0,Urea
28,54,25,Sandy,Maize,9,10,30,14-35-14
25,50,32,Clayey,Pulses,24,0,19,28-28
30,60,27,Red,Tobacco,4,17,17,10-26-26
38,72,51,Loamy,Wheat,39,0,0,Urea
36,60,43,Sandy,Millets,15,0,41,DAP
29,58,57,Black,Sugarcane,12,0,10,20-20
